resolution,test_rel_l2,num_samples
256,0.001201,200
512,0.001200,200
1024,0.001200,200
2048,0.001200,200
4096,0.001200,200
8192,0.001200,200
